{"genes":["NFIL3","RHOB","NFKBIA","GADD45B","PNRC1","PPP1R15A","BCL6","TNFAIP3","MGAT4C","ATF3","JUN","CEBPD","SLCO4A1","SPEN","CDKN1A","CXCL8","KLF4","ADAMTS1","LRCH1","CXCL3","INHBB","IER3","IGLC1","PLIN2","BIN3-IT1","ADCY2","CCNL1","MAFF","ZFP36","VEGFA","MYC","CX3CR1","RTN1","NFKB2","SIK1","ZFP36L2","PTGS2","PIM1","TOP1","CYR61","CXCL2","LAMA3","PRRC2C","PIGA","SLC2A3","ZIC1","TIPARP","C10orf10","STC1","KLF6","UGCG","DUSP1","EDNRB","DDIT4","RGS2","SLC5A3","PMAIP1","TNFSF11","SLC16A7","MTSS1","ADM","GAP43","OTUD4","SFSWAP","RBM25","KDM5D","ARNTL","JUNB","DDX3Y","DUSP5","NR4A2","DUSP2","HIPK1","PART1","BAZ1A","FOXC2","ILF3","SOCS3","NLGN4Y","SGCD","SCRG1","SPG21","KLHL24","IL6","SPPL2B","GPR4","SLC29A3","APOD","TLR7","NR4A1","RGS16","ACSL1","CA4","TM6SF1","SRRT","RAB35","GRIA2","FKBP5","EDRF1","USP9Y","SON","FOSB","GPR1","SLC19A2","PTPRO","MTHFD2","ADAMDEC1","RPS4Y1","GUCA1A","ICAM4","SCAF4","ADAMTS9","NAMPT","FASN","IGLV1-44","SLC37A1","ZBTB7C","PNPLA4","N6AMT1","HIF3A","CLIC3","EGR1","BHLHE40","STMN2","DCT","IRX4","FOSL1","SLC27A6","ZBTB16","LINC01140","GRK2","HOXA1","SMAD1","MZF1","PPARGC1A","NLRP1","LDLR","RND1","CBR3","EPN1","SEZ6L2","HAUS2","IFIT1","IL1B","TRIL","MLIP","TRBC1","CLDN5","COG7","IGHM","IRGQ","PPP1R10","EPYC","UGT2B4","KDM6B","RGS1","CRYBB1","PRR11","SLC7A5","TAOK1","LRRC15","CCDC144A","DUOX2","LIPA","P2RX3","LCK","SPN","HAS1","ERV3-2","CC2D1A","SLC35E1","RRN3P1","FAP","PTX3","NTF3","DLEU2","USP34","PFKFB3","ANKRD36BP2","TNIP3","PGLYRP1","DUSP4"],"genefc":[],"gmtNames":[],"gmtGenes":[],"pAdjustMethod":"BH","dbMode":"c2.cp.reactome.v7.4.symbols.gmt","random":0.9761071362131528}
