{"exp_path":"/pub1/data/user_data/18160747636/OA.txt","dbMode":"Custom","dbPath":"/pub1/data/mg_projects/projects/web_script/source","gmtNames":["B cells","B cells","B cells","B cells","B cells","B cells","B cells","B cells","B cells","B cells","B cells","B cells","B cells","B cells","B cells","B cells","B cells","B cells","B cells","B cells","B cells","B cells","B cells","B cells","B cells","B cells","B cells","B cells","B cells","B cells","B cells","B cells","B cells","B cells","T cells","T cells","T cells","T cells","T cells","T cells","T cells","T cells","T cells","T cells","T cells","T cells","T cells","T cells","T cells","T cells","T cells","T cells","T helper cells","T helper cells","T helper cells","T helper cells","T helper cells","T helper cells","T helper cells","T helper cells","T helper cells","T helper cells","T helper cells","T helper cells","T helper cells","T helper cells","T helper cells","T helper cells","T helper cells","T helper cells","T helper cells","T helper cells","T helper cells","T helper cells","T helper cells","Th1 cells","Th1 cells","Th1 cells","Th1 cells","Th1 cells","Th1 cells","Th1 cells","Th1 cells","Th1 cells","Th1 cells","Th1 cells","Th1 cells","Th1 cells","Th1 cells","Th1 cells","Th1 cells","Th1 cells","Th1 cells","Th1 cells","Th1 cells","Th1 cells","Th1 cells","Th1 cells","Th1 cells","Th1 cells","Th1 cells","Th1 cells","Th2 cells","Th2 cells","Th2 cells","Th2 cells","Th2 cells","Th2 cells","Th2 cells","Th2 cells","Th2 cells","Th2 cells","Th2 cells","Th2 cells","Th2 cells","Th2 cells","Th2 cells","Th2 cells","Th2 cells","Th2 cells","Th2 cells","Th2 cells","Th2 cells","Th2 cells","Th2 cells","Th2 cells","Th2 cells","Th2 cells","Th2 cells","CD8 T cells","CD8 T cells","CD8 T cells","CD8 T cells","CD8 T cells","CD8 T cells","CD8 T cells","CD8 T cells","CD8 T cells","CD8 T cells","CD8 T cells","CD8 T cells","CD8 T cells","CD8 T cells","CD8 T cells","CD8 T cells","CD8 T cells","CD8 T cells","CD8 T cells","CD8 T cells","CD8 T cells","CD8 T cells","CD8 T cells","CD8 T cells","CD8 T cells","CD8 T cells","CD8 T cells","CD8 T cells","CD8 T cells","CD8 T cells","CD8 T cells","CD8 T cells","CD8 T cells","CD8 T cells","CD8 T cells","CD8 T cells","CD8 T cells","NK cells","NK cells","NK cells","NK cells","NK cells","NK cells","NK cells","NK cells","NK cells","NK cells","NK cells","NK cells","NK cells","NK cells","NK cells","NK cells","NK cells","NK cells","NK cells","NK cells","NK cells","NK cells","NK cells","NK cells","NK cells","NK cells","NK cells","NK cells","NK cells","NK cells","NK cells","NK cells","NK cells","NK cells","NK cells","NK cells","NK cells","DC cells","DC cells","DC cells","DC cells","DC cells","DC cells","DC cells","Eosinophils","Eosinophils","Eosinophils","Eosinophils","Eosinophils","Eosinophils","Eosinophils","Eosinophils","Eosinophils","Eosinophils","Eosinophils","Eosinophils","Eosinophils","Eosinophils","Eosinophils","Eosinophils","Eosinophils","Eosinophils","Eosinophils","Eosinophils","Eosinophils","Eosinophils","Eosinophils","Eosinophils","Eosinophils","Eosinophils","Eosinophils","Eosinophils","Eosinophils","Eosinophils","Eosinophils","Eosinophils","Macrophages","Macrophages","Macrophages","Macrophages","Macrophages","Macrophages","Macrophages","Macrophages","Macrophages","Macrophages","Macrophages","Macrophages","Macrophages","Macrophages","Macrophages","Macrophages","Macrophages","Macrophages","Macrophages","Macrophages","Macrophages","Macrophages","Macrophages","Macrophages","Macrophages","Macrophages","Macrophages","Macrophages","Macrophages","Macrophages","Macrophages","Macrophages","Macrophages","Mast cells","Mast cells","Mast cells","Mast cells","Mast cells","Mast cells","Mast cells","Mast cells","Mast cells","Mast cells","Mast cells","Mast cells","Mast cells","Mast cells","Mast cells","Mast cells","Mast cells","Mast cells","Mast cells","Mast cells","Mast cells","Mast cells","Mast cells","Mast cells","Mast cells","Mast cells","Mast cells","Mast cells","Mast cells","Mast cells","Mast cells","Neutrophils","Neutrophils","Neutrophils","Neutrophils","Neutrophils","Neutrophils","Neutrophils","Neutrophils","Neutrophils","Neutrophils","Neutrophils","Neutrophils","Neutrophils","Neutrophils","Neutrophils","Neutrophils","Neutrophils","Neutrophils","Neutrophils","Neutrophils","Neutrophils","Neutrophils","Neutrophils","Neutrophils","Neutrophils","Neutrophils","Neutrophils","Neutrophils","Neutrophils","Neutrophils","Neutrophils"],"gmtGenes":["MS4A1","TCL1A","HLA-DOB","PNOC","KIAA0125","CD19","CR2","IGHG1","FCRL2","BLK","COCH","OSBPL10","IGHA1","TNFRSF17","ABCB4","BLNK","GLDC","MEF2C","IGHM","FAM30A","SPIB","BCL11A","GNG7","IGKC","CD72","MICAL3","BACH2","IGL@","CCR9","QRSL1","DTNB","HLA-DQA1","SCN3A","SLC15A2","PRKCQ","CD3D","CD3G","CD28","LCK","TRAT1","BCL11B","CD2","TRBC1","TRA@","ITM2A","SH2D1A","CD6","CD96","NCALD","GIMAP5","CD3E","SKAP1","ICOS","LRBA","ITM2A","FAM111A","PHF10","NUP107","SEC24C","NAP1L4","BATF","ASF1A","FRYL","FUSIP1","TRA@","RPA1","UBE2L3","ANP32B","DDX50","C13orf34","PPP2R5C","SLC25A12","ATF2","CD28","GOLGA8A","IFNG","LTA","APBB2","DOK5","IL12RB2","APOD","ZBTB32","CD38","CSF2","CTLA4","CD70","DPP4","EGFL6","BST2","DUSP5","LRP8","IL22","DGKI","CCL4","GGT1","LRRN3","SYNGR3","ATP9A","BTG3","CMAH","HBEGF","SGCB","PMCH","AHI1","PTGIS","CXCR6","EVI5","IL26","MB","NEIL3","GSTA4","PHEX","SMAD2","CENPF","ANK1","ADCY1","AI582773","LAIR2","SNRPD1","MICAL2","DHFR","WDHD1","BIRC5","SLC39A14","HELLS","LIMA1","CDC25C","CDC7","GATA3","CD8B","CD8A","PF4","PRR5","SF1","LIME1","DNAJB1","ARHGAP8","GZMM","SLC16A7","SFRS7","APBA2","C4orf15","LEPROTL1","ZFP36L2","GADD45A","MYST3","ZEB1","ZNF609","C12orf47","THUMPD1","VAMP2","ZNF91","ZNF22","TMC6","FLT3LG","CDKN2AIP","TSC22D3","TBCC","RBM3","ABT1","C19orf6","CAMLG","PPP1R2","AES","KLF9","PRF1","LOC643313","GAGE2","ZNF747","XCL1","XCL2","AF107846","SLC30A5","NM_014114","MCM3AP","TBXA2R","CDC5L","LOC730096","FUT5","FGF18","MRC2","RP5-886K2.1","SPN","PSMD4","PRX","FZR1","ZNF205","AL080130","ZNF528","MAPRE3","BCL2","NM_017616","ARL6IP2","PDLIM4","NM_014274","LDB3","ADARB1","SMEK1","TCTN2","TINAGL1","IGFBP5","ALDH1B1","NCR1","CD209","CCL17","HSD11B1","CCL13","CCL22","PPFIBP2","NPR1","IL5RA","KCNH2","TKTL1","EMR1","CCR3","ACACB","THBS1","GALC","RNU2","CLC","HIST1H1C","CYSLTR2","HRH4","RNASE2","CAT","LRP5L","SYNJ1","THBS4","GPR44","KBTBD11","HES1","ABHD2","TIPARP","SMPD3","MYO15B","TGIF1","RRP12","IGSF2","RCOR3","EPN2","C9orf156","SIAH1","MARCO","CXCL5","SCG5","SULT1C2","MSR1","CTSK","PTGDS","COLEC12","GPC4","PCOLCE2","CHIT1","KAL1","CLEC5A","ME1","DNASE2B","CCL7","FN1","CD163","GM2A","SCARB2","BCAT1","RAI14","COL8A2","APOE","CHI3L1","ATG7","CD84","FDX1","MS4A4A","SGMS1","EMP1","CYBB","CD68","PRG2","CTSG","TPSAB1","SLC18A2","MS4A2","CPA3","TPSB2","NM_003293","GATA2","HDC","LOH11CR2A","SIGLEC6","ELA2","CMA1","PGDS","MLPH","ADCYAP1","SLC24A3","CALB2","KIT","TAL1","ABCC4","PPM1H","MAOB","HPGD","SCG2","PTGS1","CEACAM8","MPO","NR0B1","LOC339524","CSF3R","CYP4F3","VNN3","FPRL1","KCNJ15","MME","IL8RA","IL8RB","FCGR3B","DYSF","FCAR","CEACAM3","HIST1H2BC","HPSE","FLJ11151","CREB5","S100A12","TNFRSF10C","SLC22A4","KIAA0329","SLC25A37","BST1","CRISPLD2","G0S2","SIGLEC5","CD93","MGAM","ALPL","FPR1","PDE4B","LILRB2"],"method":"gsva","random":0.07651722695144425}
